model,cv_roc_auc_mean,cv_roc_auc_std,test_accuracy,test_precision,test_recall,test_f1,test_roc_auc
Logistic Regression,0.99489806641446,0.001034356710656877,0.96,0.9375,0.9615,0.9494,0.9932
Random Forest,0.990590190205969,0.002384890177720685,0.934,0.9219,0.9077,0.9147,0.9878
Extra Trees,0.9853325977301386,0.0020316675467250073,0.929,0.937,0.8769,0.906,0.9811
